N10,map
TAGTTCCGGT,0.22451301991478492
TTGTTCCTAC,0.2074405481256211
GGGTTCCGAC,0.20347094127718932
GGGTTCCTAC,0.20325958332123073
CTCGTCCGTT,0.20099318027273183
GAGTTCCTAC,0.19286668092712328
TTGTTCCGGT,0.19146741632207423
TTGTTCCGTT,0.19018430316003132
TATTTCCTAC,0.17797405077378042
CTCGTCCGGT,0.17591035881736183
AATGTCCGTT,0.17022288422946943
GGGTTCCGGC,0.17000950296999337
TAGTTCCGAC,0.16903318770162704
TAGTTCCGTT,0.1667361416422275
GGGTTCCTGC,0.16527140806694518
TATCTCCGGT,0.16309086532607
TGTTTCCGAC,0.16015853004240743
CATGTCCGTT,0.15928574211827823
TTGTTCCGAC,0.1588361763519212
TAGTTCCTAC,0.15290585042007643
TATGTCCGGT,0.1514139599367447
CTGGTCCGGT,0.148515835660419
TGGTTCCGAC,0.14386126519120293
TTCGTCCGGT,0.14242170933218745
TTGTTCCATA,0.1401516908395817
TATGTCCGTT,0.13815951555418746
TAAATCCGTT,0.13554325231773676
CTGGTCCGTT,0.1347662781469689
TCACTCCGTT,0.13449432634744557
ATGTTCCGTT,0.13080466781168237
TGGTTCCTAC,0.13064800966057655
AAGTTCCGGT,0.13009102698260266
ATGTTCCTGC,0.12911876842489567
TTATTCCGTT,0.12687150962881924
TATCTCCGTT,0.12589183476697235
AAGTTCCGTT,0.12583345953915118
CTAGTCCGTT,0.12583345953915118
ATGTTCCGGT,0.12481225804142622
ATGTTCCTAC,0.12421297964695648
TCGGTCCGGT,0.1240517679474442
AAAGTCCGTT,0.12306591251059776
TATTTCCGAC,0.12294976940195386
TACTTCCGAC,0.12148175948897028
GAGTTCCTGC,0.12050596795931022
TCTGTCCTAC,0.12024204199367514
TCGTTCCTAC,0.119365776329117
CTGTTCCGTT,0.11922448732630143
CATCTCCGGT,0.11765155886889804
AAGGTCCGTT,0.11725390580645832
CTCATCCGTT,0.1151211153854394
CCTGTCCTAC,0.1145833449745826
CTCGTCCTAC,0.11405247726046026
GAGTTCCGGC,0.11357216449561192
TGATTCCTAC,0.11337104918369369
TTGTTCCAAT,0.11334350659154437
ATTGTCCTAC,0.11290171641257568
TAGGTCCGGT,0.11233500044347736
AATGTCCGGT,0.11222428198256028
CATGTCCGGT,0.10968036953668636
TAAGTCCGTT,0.10968036953668636
CACGTCCGGT,0.10946965819864492
TCAGTCCGGT,0.10813797597668248
ATATTCCGTT,0.1074412743719699
TGATTCCGGT,0.1074412743719699
TGATTCCGTT,0.1074412743719699
ATTGTCCGTT,0.10713294545063332
CACGTCCGTT,0.10713294545063332
TATTTCCTGC,0.10582989421754188
TAGTTCCTGC,0.1053871181005244
TATATCCGGT,0.104790746663466
AGGTTCCGAC,0.10471482263851792
TGAGTCCGGT,0.1045565304357771
TCATTCCGAC,0.10353960297007476
TTTGTCCGGT,0.1035228638121908
TTAGTCCGTT,0.1029613647234562
TACTTCCGGT,0.10212332039195522
AGGTTCCTAC,0.1019615078349889
CGTATCCGTT,0.10046575668642169
TCTGTCCGAC,0.10043079547749946
ATGTTCCGAC,0.10029702259573352
AAACTCCGGT,0.09968254592668405
CAATTCCGTT,0.0995911668081449
TCATTCCGGT,0.0995911668081449
CGAGTCCGTT,0.09894536343802836
TCGTTCCGAC,0.0983408059267004
CTGTTCCGAC,0.09821900428120511
TATCTCCTAC,0.09795116031785243
AGGTTCCGTT,0.09791251993293122
CCTCTCCGAC,0.09771599756319348
TCGTTCCGGC,0.09679781630850712
TATCTCCGAC,0.09679348879828678
ATGATCCGTT,0.09610253453879332
CTGTTCCATG,0.09598923337073376
TACGTCCGTT,0.09598923337073376
TATATCCGTT,0.0954171697118955
TGTTTCCTAC,0.09539384418865064
CTGGTCCGAC,0.09489470205780512
ATCCTCCGTT,0.09465476868889534
