group,NX,value,count,prop
1,at,.,15,0.08928571428571429
1,at,T70,9,0.05357142857142857
1,at,T71,144,0.8571428571428571
1,n66,.,140,0.8333333333333334
1,n66,C33,6,0.03571428571428571
1,n66,G32,22,0.13095238095238096
1,n67,.,89,0.5297619047619048
1,n67,A31,21,0.125
1,n67,C33,2,0.011904761904761904
1,n67,G32,56,0.3333333333333333
1,n68,.,115,0.6845238095238095
1,n68,A30,9,0.05357142857142857
1,n68,A31,42,0.25
1,n68,G32,2,0.011904761904761904
1,n69,.,109,0.6488095238095238
1,n69,A29,6,0.03571428571428571
1,n69,A30,53,0.31547619047619047
1,n70,.,44,0.2619047619047619
1,n70,A28,9,0.05357142857142857
1,n70,A29,115,0.6845238095238095
1,n71,.,15,0.08928571428571429
1,n71,A28,144,0.8571428571428571
1,n71,G27,9,0.05357142857142857
1,n72,.,168,1
1,n73,U26,168,1
1,n74,.,12,0.07142857142857142
1,n74,G25,156,0.9285714285714286
1,n75,.,1,0.005952380952380952
1,n75,A24,167,0.9940476190476191
2,at,.,9,0.04
2,at,T71,38,0.1688888888888889
2,at,T72,178,0.7911111111111111
2,n66,.,160,0.7111111111111111
2,n66,C33,19,0.08444444444444445
2,n66,G32,10,0.044444444444444446
2,n66,U34,36,0.16
2,n67,.,102,0.4533333333333333
2,n67,A31,10,0.044444444444444446
2,n67,C33,86,0.38222222222222224
2,n67,G32,27,0.12
2,n68,.,153,0.68
2,n68,A31,19,0.08444444444444445
2,n68,G32,53,0.23555555555555555
2,n69,.,151,0.6711111111111111
2,n69,A30,9,0.04
2,n69,A31,65,0.28888888888888886
2,n70,.,61,0.27111111111111114
2,n70,A29,28,0.12444444444444444
2,n70,A30,136,0.6044444444444445
2,n71,.,10,0.044444444444444446
2,n71,A28,38,0.1688888888888889
2,n71,A29,177,0.7866666666666666
2,n72,.,9,0.04
2,n72,A28,178,0.7911111111111111
2,n72,G27,38,0.1688888888888889
2,n73,.,190,0.8444444444444444
2,n73,G27,1,0.0044444444444444444
2,n73,U26,34,0.1511111111111111
2,n74,.,35,0.15555555555555556
2,n74,U26,190,0.8444444444444444
2,n75,.,38,0.1688888888888889
2,n75,A24,1,0.0044444444444444444
2,n75,G25,186,0.8266666666666667
3,at,.,120,0.4332129963898917
3,at,T67,3,0.010830324909747292
3,at,T71,154,0.555956678700361
3,n66,.,237,0.855595667870036
3,n66,A29,3,0.010830324909747292
3,n66,C33,4,0.01444043321299639
3,n66,G32,6,0.021660649819494584
3,n66,U34,27,0.09747292418772563
3,n67,.,162,0.5848375451263538
3,n67,A28,3,0.010830324909747292
3,n67,A31,6,0.021660649819494584
3,n67,C33,73,0.26353790613718414
3,n67,G32,31,0.11191335740072202
3,n67,U34,2,0.007220216606498195
3,n68,.,214,0.7725631768953068
3,n68,A31,16,0.05776173285198556
3,n68,C33,2,0.007220216606498195
3,n68,G27,3,0.010830324909747292
3,n68,G32,42,0.15162454873646208
3,n69,.,213,0.7689530685920578
3,n69,A30,16,0.05776173285198556
3,n69,A31,33,0.11913357400722022
3,n69,G32,12,0.04332129963898917
3,n69,U26,3,0.010830324909747292
3,n70,.,121,0.4368231046931408
3,n70,A29,120,0.4332129963898917
3,n70,A30,23,0.08303249097472924
3,n70,A31,10,0.036101083032490974
3,n70,G25,3,0.010830324909747292
3,n71,.,87,0.3140794223826715
3,n71,A24,3,0.010830324909747292
3,n71,A28,154,0.555956678700361
3,n71,A29,23,0.08303249097472924
3,n71,A30,10,0.036101083032490974
3,n72,.,174,0.628158844765343
3,n72,G27,103,0.37184115523465705
3,n73,.,103,0.37184115523465705
3,n73,G25,3,0.010830324909747292
3,n73,G27,171,0.6173285198555957
3,n74,.,106,0.38267148014440433
3,n74,U26,171,0.6173285198555957
3,n75,.,86,0.3104693140794224
3,n75,A24,22,0.07942238267148015
3,n75,G25,169,0.6101083032490975
4,at,.,71,0.7171717171717171
4,at,T66,1,0.010101010101010102
4,at,T70,26,0.26262626262626265
4,at,T71,1,0.010101010101010102
4,n66,.,76,0.7676767676767676
4,n66,A28,1,0.010101010101010102
4,n66,C33,7,0.0707070707070707
4,n66,G32,12,0.12121212121212122
4,n66,U34,3,0.030303030303030304
4,n67,.,66,0.6666666666666666
4,n67,A31,11,0.1111111111111111
4,n67,C33,9,0.09090909090909091
4,n67,G27,1,0.010101010101010102
4,n67,G32,12,0.12121212121212122
4,n68,.,80,0.8080808080808081
4,n68,A30,2,0.020202020202020204
4,n68,A31,10,0.10101010101010101
4,n68,G32,6,0.06060606060606061
4,n68,U26,1,0.010101010101010102
4,n69,.,55,0.5555555555555556
4,n69,A29,18,0.18181818181818182
4,n69,A30,15,0.15151515151515152
4,n69,A31,10,0.10101010101010101
4,n69,G25,1,0.010101010101010102
4,n70,.,47,0.47474747474747475
4,n70,A24,1,0.010101010101010102
4,n70,A28,26,0.26262626262626265
4,n70,A29,15,0.15151515151515152
4,n70,A30,10,0.10101010101010101
4,n71,.,73,0.7373737373737373
4,n71,A28,1,0.010101010101010102
4,n71,A29,1,0.010101010101010102
4,n71,G27,24,0.24242424242424243
4,n72,.,36,0.36363636363636365
4,n72,G25,10,0.10101010101010101
4,n72,G27,53,0.5353535353535354
4,n73,.,28,0.2828282828282828
4,n73,A24,10,0.10101010101010101
4,n73,G27,10,0.10101010101010101
4,n73,U26,51,0.5151515151515151
4,n74,.,37,0.37373737373737376
4,n74,G25,32,0.32323232323232326
4,n74,U26,30,0.30303030303030304
4,n75,.,15,0.15151515151515152
4,n75,A24,54,0.5454545454545454
4,n75,G25,30,0.30303030303030304
5,at,.,5,0.1282051282051282
5,at,T71,12,0.3076923076923077
5,at,T72,2,0.05128205128205128
5,at,T73,5,0.1282051282051282
5,at,T74,15,0.38461538461538464
5,n66,.,36,0.9230769230769231
5,n66,C33,1,0.02564102564102564
5,n66,G32,1,0.02564102564102564
5,n66,U34,1,0.02564102564102564
5,n67,.,31,0.7948717948717948
5,n67,A31,1,0.02564102564102564
5,n67,C33,2,0.05128205128205128
5,n67,G32,2,0.05128205128205128
5,n67,U34,3,0.07692307692307693
5,n68,.,18,0.46153846153846156
5,n68,C33,5,0.1282051282051282
5,n68,U34,16,0.41025641025641024
5,n69,.,18,0.46153846153846156
5,n69,C33,16,0.41025641025641024
5,n69,G32,5,0.1282051282051282
5,n70,.,13,0.3333333333333333
5,n70,A29,8,0.20512820512820512
5,n70,A30,2,0.05128205128205128
5,n70,G32,16,0.41025641025641024
5,n71,.,4,0.10256410256410256
5,n71,A28,12,0.3076923076923077
5,n71,A29,2,0.05128205128205128
5,n71,A30,5,0.1282051282051282
5,n71,A31,16,0.41025641025641024
5,n72,.,4,0.10256410256410256
5,n72,A28,2,0.05128205128205128
5,n72,A29,5,0.1282051282051282
5,n72,A30,15,0.38461538461538464
5,n72,G27,13,0.3333333333333333
5,n73,.,15,0.38461538461538464
5,n73,A28,5,0.1282051282051282
5,n73,A29,15,0.38461538461538464
5,n73,G27,2,0.05128205128205128
5,n73,U26,2,0.05128205128205128
5,n74,.,17,0.4358974358974359
5,n74,A28,15,0.38461538461538464
5,n74,G25,2,0.05128205128205128
5,n74,G27,5,0.1282051282051282
5,n75,.,39,1
6,at,.,1,0.011764705882352941
6,at,T71,1,0.011764705882352941
6,at,T72,55,0.6470588235294118
6,at,T73,28,0.32941176470588235
6,n66,.,82,0.9647058823529412
6,n66,C33,2,0.023529411764705882
6,n66,U34,1,0.011764705882352941
6,n67,.,57,0.6705882352941176
6,n67,C33,6,0.07058823529411765
6,n67,G32,2,0.023529411764705882
6,n67,U34,20,0.23529411764705882
6,n68,.,38,0.4470588235294118
6,n68,A31,1,0.011764705882352941
6,n68,C33,44,0.5176470588235295
6,n68,G32,2,0.023529411764705882
6,n69,.,47,0.5529411764705883
6,n69,A31,4,0.047058823529411764
6,n69,G32,34,0.4
6,n70,.,49,0.5764705882352941
6,n70,A29,1,0.011764705882352941
6,n70,A30,16,0.18823529411764706
6,n70,A31,19,0.2235294117647059
6,n71,.,10,0.11764705882352941
6,n71,A28,1,0.011764705882352941
6,n71,A29,48,0.5647058823529412
6,n71,A30,26,0.3058823529411765
6,n72,.,2,0.023529411764705882
6,n72,A28,55,0.6470588235294118
6,n72,A29,27,0.3176470588235294
6,n72,G27,1,0.011764705882352941
6,n73,.,2,0.023529411764705882
6,n73,A28,28,0.32941176470588235
6,n73,G27,55,0.6470588235294118
6,n74,.,3,0.03529411764705882
6,n74,G25,54,0.6352941176470588
6,n74,G27,27,0.3176470588235294
6,n74,U26,1,0.011764705882352941
6,n75,.,56,0.6588235294117647
6,n75,U26,29,0.3411764705882353
7,at,.,60,0.6896551724137931
7,at,T68,1,0.011494252873563218
7,at,T69,15,0.1724137931034483
7,at,T70,3,0.034482758620689655
7,at,T71,2,0.022988505747126436
7,at,T72,6,0.06896551724137931
7,n66,.,60,0.6896551724137931
7,n66,A30,1,0.011494252873563218
7,n66,A31,8,0.09195402298850575
7,n66,G32,18,0.20689655172413793
7,n67,.,32,0.367816091954023
7,n67,A29,1,0.011494252873563218
7,n67,A30,26,0.2988505747126437
7,n67,A31,18,0.20689655172413793
7,n67,C33,3,0.034482758620689655
7,n67,G32,7,0.08045977011494253
7,n68,.,33,0.3793103448275862
7,n68,A28,1,0.011494252873563218
7,n68,A29,27,0.3103448275862069
7,n68,A30,7,0.08045977011494253
7,n68,A31,15,0.1724137931034483
7,n68,G32,4,0.04597701149425287
7,n69,.,47,0.5402298850574713
7,n69,A28,15,0.1724137931034483
7,n69,A29,7,0.08045977011494253
7,n69,A30,13,0.14942528735632185
7,n69,A31,4,0.04597701149425287
7,n69,G27,1,0.011494252873563218
7,n70,.,55,0.632183908045977
7,n70,A28,3,0.034482758620689655
7,n70,G27,29,0.3333333333333333
7,n71,.,65,0.7471264367816092
7,n71,A28,2,0.022988505747126436
7,n71,A29,1,0.011494252873563218
7,n71,G25,2,0.022988505747126436
7,n71,G27,2,0.022988505747126436
7,n71,U26,15,0.1724137931034483
7,n72,.,38,0.4367816091954023
7,n72,A24,2,0.022988505747126436
7,n72,A28,6,0.06896551724137931
7,n72,G25,14,0.16091954022988506
7,n72,G27,27,0.3103448275862069
7,n73,.,20,0.22988505747126436
7,n73,A24,14,0.16091954022988506
7,n73,G27,4,0.04597701149425287
7,n73,U26,49,0.5632183908045977
7,n74,.,18,0.20689655172413793
7,n74,G25,58,0.6666666666666666
7,n74,U26,11,0.12643678160919541
7,n75,.,25,0.28735632183908044
7,n75,A24,51,0.5862068965517241
7,n75,G25,11,0.12643678160919541
